{
  "type": "Topology",
  "arcs": [
    [
      [26, 183],
      [138, 0],
      [0, -61],
      [-138, 0],
      [0, 61]
    ],
    [
      [0, 119],
      [92, 0],
      [0, -119],
      [-92, 0],
      [0, 119]
    ],
    [
      [93, 119],
      [71, 0],
      [0, -119],
      [-71, 0],
      [0, 119]
    ]
  ],
  "transform": {
    "scale": [0.000001,  0.0000009587414862 ],
    "translate": [0, 0]
  },
  "objects": {
    "Floormap Example": {
      "type": "GeometryCollection",
      "geometries": [{
        "arcs": [
          [0]
        ],
        "type": "Polygon",
        "properties": {
          "id": 1,
          "room": "Menswear"
        }
      }, {
        "arcs": [
          [1]
        ],
        "type": "Polygon",
        "properties": {
          "id": 2,
          "room": "Womenswear"
        }
      }, {
        "arcs": [
          [2]
        ],
        "type": "Polygon",
        "properties": {
          "id": 3,
          "room": "Kidswear"
        }
      }]
    }
  }
}
